,Nathan Reid,,,,,,,,,,,,,,,,,,,,,,,,,,,,,,,,,,,,,,,,,,,,,,,,,,,,,,,,,,,,,,,,,,,,,,,,,,,,,,,,,,,,,,
,,,,,,,,,,,,,,,,,,,,,,,,,,,,,,,,,,,,,,,,,,,,,,,,,,,,,,,,,,,,,,,,,,,,,,,,,,,,,,,,,,,,,,,
,WBS element:  R-13419-01,,,,,,,,,,,,,,,,,,,,,,,,,,,,,,,,,,,,,,,,,,,,,,,,,,,,,,,,,,,,,,,,,,,,,,,,,,,,,,,,,,,,,,
,,,,,,,,,,,,,,,,,,,,,,,,,,,,,,,,,,,,,,,,,,,,,,,,,,,,,,,,,,,,,,,,,,,,,,,,,,,,,,,,,,,,,,,
,Request No: ACU19100,,,,,,,,,,,,,,,,,,,,,,,,,,,,,,,,,,,,,,,,,,,,,,,,,,,,,,,,,,,,,,,,,,,,,,,,,,,,,,,,,,,,,,
,,,,,,,,,,,,,,,,,,,,,,,,,,,,,,,,,,,,,,,,,,,,,,,,,,,,,,,,,,,,,,,,,,,,,,,,,,,,,,,,,,,,,,,
,Date reported: 7/08/19,,,,,,,,,,,,,,,,,,,,,,,,,,,,,,,,,,,,,,,,,,,,,,,,,,,,,,,,,,,,,,,,,,,,,,,,,,,,,,,,,,,,,,
,,,,,,,,,,,,,,,,,,,,,,,,,,,,,,,,,,,,,,,,,,,,,,,,,,,,,,,,,,,,,,,,,,,,,,,,,,,,,,,,,,,,,,,
,,,,,,,,,,,,,,,,,,,,,,,,,,,,,,,,,,,,,,,,,,,,,,,,,,,,,,,,,,,,,,,,,,,,,,,,,,,,,,,,,,,,,,,
,,,,,,,,,,,,,,,,,,,,,,,,,,,,,,,,,,,,,,,,,,,,,,,,,,,,,,,,,,,,,,,,,,,,,,,,,,,,,,,,,,,,,,,
,,,,,,,|----Ion Chromatography---|,,,,,,ICP Majors,,,,,,ICP Minors,,,,,,,,,,,,,,,,,,,ICP-MS,,,,,,,,,,,,,,,,,,,,,,,,,,,,,,,,,,,,,,,,,,,,,,,,,
,,,,PO4-P,NPOC,TN,F-,Cl-,Br-,NO3-,SO4=,,Ca,K,Mg ,Na,S,,Al  ,As,B,Cd,Co,Cr,Cu,Fe,Mn,Mo,Ni,P,Pb,Sb,Se,Si,Sr,Zn,,Li,Sc,V,Cr,Mn,Fe,Co,Ni,Cu,Zn,Ga,Ge,As,Se,Rb,Sr,Y,Zr,Nb,Mo,Ag,Cd,In,Sn,Sb,Te,Cs,Ba,La,Ce,Pr,Nd,Sm,Eu,Gd,Tb,Dy,Ho,Er,Tm,Yb,Lu,Hf,Ta,W,Tl,Pb,Bi,Th,U
Lab. ID,Sample ID,,,mg/L,mg/L,mg/L,mg/l,mg/l,mg/l,mg/l,mg/l,,mg/L,mg/L,mg/L,mg/L,mg/L,,mg/L,mg/L,mg/L,mg/L,mg/L,mg/L,mg/L,mg/L,mg/L,mg/L,mg/L,mg/L,mg/L,mg/L,mg/L,mg/L,mg/L,mg/L,,ug/L,ug/L,ug/L,ug/L,ug/L,ug/L,ug/L,ug/L,ug/L,ug/L,ug/L,ug/L,ug/L,ug/L,ug/L,ug/L,ug/L,ug/L,ug/L,ug/L,ug/L,ug/L,ug/L,ug/L,ug/L,ug/L,ug/L,ug/L,ug/L,ug/L,ug/L,ug/L,ug/L,ug/L,ug/L,ug/L,ug/L,ug/L,ug/L,ug/L,ug/L,ug/L,ug/L,ug/L,ug/L,ug/L,ug/L,ug/L,ug/L,ug/L
,,,,,,,,,,,,,,,,,,,,,,,,,,,,,,,,,,,,,,,,,,,,,,,,,,,,,,,,,,,,,,,,,,,,,,,,,,,,,,,,,,,,,,,
1,MXSCSJT0001 AN,MXSCSJT0001 CAT,,0.028,3.7,2.5,1.7,968,4.2,4.7,240,,94,18,97,586,79,,<0.05,<0.05,0.43,<0.05,<0.05,<0.05,<0.05,<0.1,<0.05,<0.05,<0.05,<0.2,<0.05,<0.1,<0.05,19,1.3,<0.05,,8.5,2.20,1.92,0.8,1.4,9,0.20,6.6,<0.2,7.4,<0.1,0.3,2.2,8.2,27.8,,<0.05,<0.05,<0.1,3.4,<0.2,<0.1,<0.05,<0.2,<0.1,<0.4,0.32,37.7,<0.05,<0.05,<0.05,<0.05,<0.05,<0.05,<0.05,<0.05,<0.05,<0.05,<0.05,<0.05,<0.05,<0.05,<0.05,<0.1,<0.2,<0.1,<0.2,<0.1,<0.1,31.60
2,MXSCSJT0002 AN,MXSCSJT0002 CAT,,0.030,3.6,1.0,1.3,454,1.7,<0.05,73,,58,9.1,88,371,24,,<0.05,<0.05,0.29,<0.05,<0.05,<0.05,0.06,<0.1,<0.05,<0.05,<0.05,<0.2,<0.05,<0.1,<0.05,14,0.45,0.08,,24.3,1.85,0.28,<0.2,2.0,3,<0.05,2.9,60.5,95.2,<0.1,0.4,0.2,1.7,3.2,503,0.07,0.07,<0.1,0.9,<0.2,<0.1,<0.05,<0.2,<0.1,<0.4,0.31,8.5,<0.05,<0.05,<0.05,<0.05,<0.05,<0.05,<0.05,<0.05,<0.05,<0.05,<0.05,<0.05,<0.05,<0.05,<0.05,<0.1,<0.2,<0.1,1.0,<0.1,<0.1,13.00
3,MXSCSJT0003 AN,MXSCSJT0003 CAT,,0.025,1.5,1.8,0.54,188,0.83,4.6,33,,60,17,57,88,11,,<0.05,<0.05,0.12,<0.05,<0.05,<0.05,<0.05,<0.1,<0.05,<0.05,<0.05,<0.2,<0.05,<0.1,<0.05,9.0,0.92,<0.05,,1.6,1.23,0.59,0.6,0.2,3,0.11,5.5,4.6,11.3,<0.1,<0.2,0.5,2.4,11.8,975.8,<0.05,<0.05,<0.1,1.6,<0.2,<0.1,<0.05,0.3,0.1,<0.4,0.45,90.8,<0.05,<0.05,<0.05,<0.05,<0.05,<0.05,<0.05,<0.05,<0.05,<0.05,<0.05,<0.05,<0.05,<0.05,<0.05,<0.1,<0.2,<0.1,<0.2,<0.1,<0.1,4.44
4,MXSCSJT0004 AN,MXSCSJT0004 CAT,,0.030,3.9,1.5,0.6,526,1.8,2.3,94,,84,19,106,149,30,,<0.05,<0.05,0.13,<0.05,<0.05,<0.05,<0.05,<0.1,<0.05,<0.05,<0.05,<0.2,<0.05,<0.1,<0.05,20,1.5,<0.05,,6.3,2.43,1.05,1.0,0.5,1,<0.05,3.1,1.3,39.3,<0.1,<0.2,3.6,1.8,31.3,,<0.05,<0.05,<0.1,0.9,<0.2,0.2,<0.05,<0.2,<0.1,<0.4,3.88,62.8,<0.05,<0.05,<0.05,<0.05,<0.05,<0.05,<0.05,<0.05,<0.05,<0.05,<0.05,<0.05,<0.05,<0.05,<0.05,<0.1,<0.2,<0.1,0.2,<0.1,<0.1,7.66
5,MXSCSJT0005 AN,MXSCSJT0005 CAT,,0.020,3.0,0.3,0.26,103,0.4,<0.05,20,,32,2.3,24,63,7.0,,<0.05,<0.05,<0.05,<0.05,<0.05,<0.05,<0.05,<0.1,<0.05,<0.05,<0.05,<0.2,<0.05,<0.1,<0.05,16,0.27,<0.05,,<0.2,1.97,0.20,<0.2,18.6,36,<0.05,0.3,<0.2,4.2,<0.1,<0.2,<0.2,<0.2,0.9,286.6,<0.05,<0.05,<0.1,<0.2,<0.2,<0.1,<0.05,<0.2,<0.1,<0.4,0.17,26.0,<0.05,<0.05,<0.05,<0.05,<0.05,<0.05,<0.05,<0.05,<0.05,<0.05,<0.05,<0.05,<0.05,<0.05,<0.05,<0.1,<0.2,<0.1,<0.2,<0.1,<0.1,1.07
6,MXSCSJT0006 AN,MXSCSJT0006 CAT,,0.026,4.2,0.9,0.5,608,2.3,0.4,218,,50,12,69,358,72,,<0.05,<0.05,0.18,<0.05,<0.05,<0.05,<0.05,<0.1,<0.05,<0.05,<0.05,<0.2,<0.05,<0.1,<0.05,22,1.1,0.18,,0.2,2.58,10.69,1.8,0.7,7,0.06,6.1,18.6,200,<0.1,<0.2,0.8,2.2,6.4,,<0.05,<0.05,<0.1,1.5,<0.2,0.1,<0.05,<0.2,<0.1,<0.4,1.17,78.4,<0.05,<0.05,<0.05,<0.05,<0.05,<0.05,<0.05,<0.05,<0.05,<0.05,<0.05,<0.05,<0.05,<0.05,<0.05,<0.1,<0.2,<0.1,6.3,<0.1,<0.1,1.02
7,MXSCSJT0007 AN,MXSCSJT0007 CAT,,0.024,2.7,10,1.0,35,0.28,32,8.4,,28,8.2,27,57,3.0,,<0.05,<0.05,0.11,<0.05,<0.05,<0.05,<0.05,<0.1,<0.05,<0.05,<0.05,<0.2,<0.05,<0.1,<0.05,16,0.37,<0.05,,6.8,2.06,6.83,1.9,<0.1,<1,<0.05,0.2,10.4,10.2,<0.1,<0.2,1.1,0.8,4.9,443.2,<0.05,<0.05,<0.1,0.8,<0.2,<0.1,<0.05,<0.2,<0.1,<0.4,<0.05,21.3,<0.05,<0.05,<0.05,<0.05,<0.05,<0.05,<0.05,<0.05,<0.05,<0.05,<0.05,<0.05,<0.05,<0.05,<0.05,<0.1,0.3,<0.1,0.7,<0.1,<0.1,7.81
8,MXSCSJT0008 AN,MXSCSJT0008 CAT,,0.022,7.2,0.6,0.77,36,0.16,0.66,80,,55,4.0,18,83,26,,<0.05,<0.05,0.05,<0.05,<0.05,<0.05,<0.05,<0.1,<0.05,<0.05,<0.05,<0.2,<0.05,<0.1,<0.05,17,0.30,<0.05,,20.0,1.99,0.56,<0.2,52.6,2,0.09,0.6,1.1,13.0,<0.1,<0.2,6.1,0.8,7.6,322.5,0.43,<0.05,<0.1,49.9,<0.2,<0.1,<0.05,<0.2,9.4,<0.4,0.33,38.5,0.10,0.10,<0.05,0.10,<0.05,<0.05,<0.05,<0.05,<0.05,<0.05,<0.05,<0.05,<0.05,<0.05,<0.05,<0.1,1.8,<0.1,0.2,<0.1,<0.1,16.85
9,MXSCSJT0009 AN,MXSCSJT0009 CAT,,0.203,34,0.5,6.3,581,1.9,<0.2,306,,19,7.6,28,582,98,,<0.05,<0.05,0.29,<0.05,<0.05,<0.05,<0.05,<0.1,0.19,<0.05,<0.05,0.3,<0.05,<0.1,<0.05,12,0.31,<0.05,,9.8,1.59,1.15,0.4,206,12,<0.05,0.4,<0.2,18.6,<0.1,0.4,0.6,<0.2,1.3,355.0,<0.05,0.27,<0.1,6.0,<0.2,<0.1,<0.05,<0.2,<0.1,<0.4,<0.05,55.2,<0.05,<0.05,<0.05,<0.05,<0.05,<0.05,<0.05,<0.05,<0.05,<0.05,<0.05,<0.05,<0.05,<0.05,<0.05,<0.1,9.2,<0.1,<0.2,<0.1,<0.1,1.56
10,MXSCSJT0010 AN,MXSCSJT0010 CAT,,0.026,8.0,29,<0.2,1247,4.6,<0.2,1.8,,4.0,9.3,8.0,292,<0.2,,<0.05,<0.05,<0.05,<0.05,<0.05,<0.05,<0.05,303,3.0,<0.05,<0.05,<0.2,<0.05,<0.1,<0.05,0.3,0.11,0.05,,8.8,0.08,<0.05,0.5,,,0.59,1.6,9.4,51.0,<0.1,4.1,0.2,<0.2,12.2,133.6,<0.05,<0.05,<0.1,<0.2,<0.2,<0.1,<0.05,0.3,<0.1,<0.4,1.29,51.6,<0.05,0.09,<0.05,<0.05,<0.05,<0.05,<0.05,<0.05,<0.05,<0.05,<0.05,<0.05,<0.05,<0.05,<0.05,<0.1,<0.2,<0.1,0.4,<0.1,<0.1,<0.05
11,MXSCSJT0011 AN,MXSCSJT0011 CAT,,0.017,12,20,<0.2,587,2.8,0.3,209,,9.0,62,81,486,66,,<0.05,<0.05,0.34,<0.05,<0.05,<0.05,<0.05,<0.1,0.08,<0.05,<0.05,<0.2,<0.05,<0.1,<0.05,1.2,0.13,<0.05,,18.3,0.22,<0.05,<0.2,96.5,9,0.15,2.0,1.0,10.4,<0.1,<0.2,<0.2,0.4,72.6,155.2,<0.05,<0.05,<0.1,1.6,<0.2,<0.1,<0.05,<0.2,<0.1,<0.4,35.08,9.7,<0.05,<0.05,<0.05,<0.05,<0.05,<0.05,<0.05,<0.05,<0.05,<0.05,<0.05,<0.05,<0.05,<0.05,<0.05,<0.1,<0.2,<0.1,<0.2,<0.1,<0.1,0.07
12,MXSCSJT0012 AN,MXSCSJT0012 CAT,,0.021,11,27,<0.2,804,3.9,<0.2,15,,1.9,28,11,508,4.8,,<0.05,<0.05,0.19,<0.05,<0.05,<0.05,<0.05,<0.1,<0.05,<0.05,<0.05,<0.2,<0.05,<0.1,<0.05,<0.2,<0.05,<0.05,,7.5,<0.05,<0.05,<0.2,16.5,1,<0.05,0.3,0.3,9.6,<0.1,0.6,0.2,<0.2,8.6,44.36,<0.05,<0.05,<0.1,3.1,<0.2,<0.1,<0.05,<0.2,<0.1,<0.4,5.10,0.7,<0.05,<0.05,<0.05,<0.05,<0.05,<0.05,<0.05,<0.05,<0.05,<0.05,<0.05,<0.05,<0.05,<0.05,<0.05,<0.1,<0.2,<0.1,<0.2,<0.1,<0.1,<0.05
13,MXSCSJT0013 AN,MXSCSJT0013 CAT,,0.021,19,63,<0.05,98,0.6,3.1,0.2,,31,30,22,157,0.9,,<0.05,<0.05,0.07,<0.05,<0.05,<0.05,<0.05,11,2.2,<0.05,<0.05,<0.2,<0.05,<0.1,<0.05,5.0,0.33,0.12,,1.1,0.95,0.52,0.9,,,4.18,3.7,1.9,131,<0.1,0.4,0.6,0.2,12.1,384.5,0.44,0.13,<0.1,0.4,<0.2,<0.1,<0.05,1.5,<0.1,<0.4,<0.05,77.3,0.25,0.54,0.08,0.30,0.06,<0.05,0.07,<0.05,0.07,<0.05,<0.05,<0.05,<0.05,<0.05,<0.05,<0.1,<0.2,<0.1,0.4,<0.1,<0.1,0.19
14,MXSCSJT0014.01A AN,MXSCSJT0014.01A CAT,,0.025,7.9,1.2,2.0,1266,4.7,1.8,282,,73,26,122,762,88,,<0.05,<0.05,0.25,<0.05,<0.05,<0.05,<0.05,<0.1,<0.05,<0.05,<0.05,<0.2,<0.05,<0.1,<0.05,13,1.0,0.09,,28.9,2.2,<0.1,0.4,4.9,41,0.6,24.0,2.0,109,<0.2,<0.4,<0.4,3.1,9.9,,0.8,0.2,<0.2,1.5,<0.4,<0.2,<0.1,<0.4,<0.2,<0.8,<0.1,39.3,<0.1,0.2,<0.1,<0.1,<0.1,<0.1,<0.1,<0.1,<0.1,<0.1,<0.1,<0.1,<0.1,<0.1,<0.1,<0.2,<0.4,<0.2,<0.4,<0.2,<0.2,67.3
15,MXSCSJT0014.01B AN,MXSCSJT0014.01B CAT,,0.020,7.1,0.9,2.0,1285,4.8,1.8,287,,73,28,123,763,89,,<0.05,<0.05,0.25,<0.05,<0.05,<0.05,<0.05,<0.1,<0.05,<0.05,<0.05,<0.2,<0.05,<0.1,<0.05,14,1.0,0.09,,28.3,2.1,<0.1,<0.4,4.2,42,0.7,24.7,1.9,116,<0.2,<0.4,<0.4,3.0,9.9,,0.7,<0.1,<0.2,1.5,<0.4,<0.2,<0.1,<0.4,<0.2,<0.8,<0.1,39.5,<0.1,0.2,<0.1,<0.1,<0.1,<0.1,<0.1,<0.1,<0.1,<0.1,<0.1,<0.1,<0.1,<0.1,<0.1,<0.2,<0.4,<0.2,<0.4,<0.2,<0.2,65.3
16,MXSCSJT0015 AN,MXSCSJT0015 CAT,,0.022,8.4,2.0,0.3,2055,8.0,<0.2,444,,80,46,142,932,136,,<0.05,<0.05,0.56,<0.05,<0.05,<0.05,<0.05,6.5,0.65,<0.05,<0.05,<0.2,<0.05,<0.1,<0.05,0.7,1.5,<0.05,,31.4,0.1,<0.1,<0.4,750,,0.7,1.0,-0.2,23,<0.2,<0.4,<0.4,<0.4,43.7,,<0.1,<0.1,<0.2,1.0,<0.4,<0.2,<0.1,<0.4,<0.2,<0.8,12.2,28.9,<0.1,<0.1,<0.1,<0.1,<0.1,<0.1,<0.1,<0.1,<0.1,<0.1,<0.1,<0.1,<0.1,<0.1,<0.1,<0.2,<0.4,<0.2,<0.4,<0.2,<0.2,0.2
17,MXSCSJT0016.01A AN,MXSCSJT0016.01A CAT,,0.017,6.7,0.4,<0.05,0.9,<0.05,<0.05,0.2,,<0.1,0.5,<0.1,0.3,<0.2,,<0.05,<0.05,0.58,<0.05,<0.05,<0.05,<0.05,<0.1,<0.05,<0.05,<0.05,<0.2,<0.05,<0.1,<0.05,0.3,<0.05,<0.05,,<0.2,0.05,<0.05,<0.2,0.3,12,<0.05,<0.2,<0.2,6.9,<0.1,<0.2,<0.2,<0.2,<0.2,0.23,<0.05,<0.05,<0.1,<0.2,<0.2,<0.1,<0.05,<0.2,<0.1,<0.4,<0.05,<0.2,<0.05,<0.05,<0.05,<0.05,<0.05,<0.05,<0.05,<0.05,<0.05,<0.05,<0.05,<0.05,<0.05,<0.05,<0.05,<0.1,<0.2,<0.1,<0.2,<0.1,<0.1,<0.05
18,MXSCSJT0016.01B AN,MXSCSJT0016.01B CAT,,0.020,7.0,1.9,0.2,663,2.8,2.3,241,,1.3,69,16,783,73,,<0.05,<0.05,1.1,<0.05,<0.05,<0.05,<0.05,<0.1,<0.05,<0.05,<0.05,<0.2,<0.05,<0.1,<0.05,0.3,<0.05,<0.05,,47.8,<0.1,<0.1,<0.4,1.0,5,<0.1,<0.4,1.0,8,<0.2,<0.4,1.1,0.5,17.3,8.13,<0.1,<0.1,<0.2,6.8,<0.4,0.0,<0.1,<0.4,0.3,<0.8,<0.1,0.6,<0.1,<0.1,<0.1,<0.1,<0.1,<0.1,<0.1,<0.1,<0.1,<0.1,<0.1,<0.1,<0.1,<0.1,<0.1,<0.2,0.6,<0.2,<0.4,<0.2,<0.2,0.5
19,MXSCSJT0017.01A AN,MXSCSJT0017.01A CAT,,0.246,68,6.6,1,8018,29,2,2270,,77,142,367,4623,681,,<0.05,<0.05,2.6,<0.05,<0.05,<0.05,<0.05,<0.1,0.09,<0.05,<0.05,0.3,<0.05,<0.1,<0.05,7.9,3.8,<0.05,,36,1.6,6.8,<2,145,12,<0.5,7,3,26,<1,<2,3,<2,18,,0.7,6.5,<1,<2,<2,<1,<0.5,<2,<1,<4,<0.5,34,<0.5,<0.5,<0.5,<0.5,<0.5,<0.5,<0.5,<0.5,<0.5,<0.5,<0.5,<0.5,<0.5,<0.5,<0.5,<1,<2,<1,<2,<1,<1,144.6
20,MXSCSJT0019 AN,MXSCSJT0019 CAT,,0.418,10,7.9,<1,10309,35,1,3627,,286,190,824,4939,1150,,<0.05,<0.05,1.5,<0.05,<0.05,<0.05,<0.05,0.1,0.17,<0.05,<0.05,0.6,<0.05,<0.1,<0.05,5.9,11,<0.05,,218,1.2,1.1,<2,263,180,<0.5,3,<2,30,<1,<2,<2,<2,20,,<0.5,0.8,<1,<2,<2,<1,<0.5,<2,<1,<4,4.7,102,<0.5,<0.5,<0.5,<0.5,<0.5,<0.5,<0.5,<0.5,<0.5,<0.5,<0.5,<0.5,<0.5,<0.5,<0.5,<1,<2,<1,<2,<1,<1,32.9
21,MXSCSJT0002D AN,,,0.037,2.8,0.7,1.3,457,1.7,<0.05,73,,,,,,,,,,,,,,,,,,,,,,,,,,,,,,,,,,,,,,,,,,,,,,,,,,,,,,,,,,,,,,,,,,,,,,,,,,,,
22,MXSCSJT0002B AN,,,0.021,0.1,0.1,<0.05,0.2,<0.05,<0.05,<0.05,,,,,,,,,,,,,,,,,,,,,,,,,,,,,,,,,,,,,,,,,,,,,,,,,,,,,,,,,,,,,,,,,,,,,,,,,,,,
23,,MXSCSJT0008D CAT,,,,,,,,,,,55,3.5,18,82,26,,<0.05,<0.05,0.06,<0.05,<0.05,<0.05,<0.05,<0.1,<0.05,<0.05,<0.05,<0.2,<0.05,<0.1,<0.05,17,0.30,<0.05,,20.2,2.21,0.51,<0.2,51.3,2,0.08,0.9,1.1,17.9,<0.1,<0.2,5.7,1.4,7.2,344.2,0.42,<0.05,<0.1,50.0,<0.2,<0.1,<0.05,<0.2,9.2,<0.4,0.31,37.6,0.10,0.08,<0.05,0.09,<0.05,<0.05,<0.05,<0.05,<0.05,<0.05,<0.05,<0.05,<0.05,<0.05,<0.05,<0.1,1.9,<0.1,0.2,<0.1,<0.1,17.52
24,,MXSCSJT0008B CAT,,,,,,,,,,,<0.1,<0.2,<0.1,<0.2,<0.2,,<0.05,<0.05,0.52,<0.05,<0.05,<0.05,<0.05,<0.1,<0.05,<0.05,<0.05,<0.2,<0.05,<0.1,<0.05,0.3,<0.05,<0.05,,<0.2,<0.05,<0.05,<0.2,0.3,7,<0.05,0.3,0.9,6.0,<0.1,<0.2,<0.2,<0.2,<0.2,0.41,<0.05,<0.05,<0.1,<0.2,<0.2,<0.1,<0.05,<0.2,<0.1,<0.4,<0.05,<0.2,<0.05,<0.05,<0.05,<0.05,<0.05,<0.05,<0.05,<0.05,<0.05,<0.05,<0.05,<0.05,<0.05,<0.05,<0.05,<0.1,<0.2,<0.1,0.3,<0.1,<0.1,<0.05
25,,20 TM25.5,,,,,,,,,,,14,<0.2,3.8,4.3,3.7,,<0.05,<0.05,<0.05,<0.05,<0.05,<0.05,<0.05,<0.1,<0.05,<0.05,<0.05,<0.2,<0.05,<0.1,<0.05,0.2,0.07,0.08,,19.8,<0.05,28.98,26.0,24.6,21,29.82,16.2,28.2,86.0,<0.1,<0.2,28.3,38.4,0.5,77.23,<0.05,<0.05,<0.1,29.3,20.5,25.2,0.12,25.4,24.8,<0.4,<0.05,27.7,<0.05,<0.05,<0.05,<0.05,<0.05,<0.05,<0.05,<0.05,<0.05,<0.05,<0.05,<0.05,<0.05,<0.05,<0.05,<0.1,<0.2,29.7,26.7,21.1,<0.1,24.93
26,20 HML ,,,0.018,3.3,2.5,0.27,71,0.10,8.7,45,,,,,,,,,,,,,,,,,,,,,,,,,,,,,,,,,,,,,,,,,,,,,,,,,,,,,,,,,,,,,,,,,,,,,,,,,,,,
27,MXSCSJT0020 AN,MXSCSJT0020 CAT,,0.027,4.3,3.2,0.8,1936,8.4,9.5,419,,176,31,222,744,123,,<0.05,<0.05,0.65,<0.05,<0.05,<0.05,<0.05,<0.1,<0.05,<0.05,<0.05,<0.2,<0.05,<0.1,<0.05,19,3.2,0.72,,26.7,2.6,3.0,0.4,2.4,11,0.1,3.7,<0.4,872,<0.2,<0.4,<0.4,4.8,5.0,,0.1,<0.1,<0.2,0.6,<0.4,<0.2,<0.1,<0.4,<0.2,<0.8,<0.1,38.8,<0.1,<0.1,<0.1,<0.1,<0.1,<0.1,<0.1,<0.1,<0.1,<0.1,<0.1,<0.1,<0.1,<0.1,<0.1,<0.2,<0.4,<0.2,<0.4,<0.2,<0.2,66.8
28,MXSCSJT0021 AN,MXSCSJT0021 CAT,,0.021,7.3,0.5,0.7,1010,4.5,<0.2,1704,,187,38,215,823,453,,<0.05,<0.05,0.82,<0.05,<0.05,<0.05,<0.05,1.3,0.17,<0.05,<0.05,<0.2,<0.05,<0.1,<0.05,10,3.5,<0.05,,37.9,1.4,<0.1,<0.4,200,335,4.4,18.1,<0.4,19,<0.2,<0.4,0.6,0.6,10.0,,1.3,0.7,<0.2,<0.4,<0.4,<0.2,<0.1,<0.4,1.8,<0.8,7.5,15.5,<0.1,<0.1,<0.1,<0.1,<0.1,<0.1,<0.1,<0.1,<0.1,<0.1,<0.1,<0.1,<0.1,<0.1,<0.1,<0.2,<0.4,<0.2,<0.4,<0.2,<0.2,5.4
29,MXSCSJT0022 AN,MXSCSJT0022 CAT,,0.021,9.6,0.6,0.4,750,3.3,<0.2,911,,171,24,188,478,266,,<0.05,<0.05,0.43,<0.05,<0.05,<0.05,<0.05,<0.1,0.34,<0.05,<0.05,<0.2,<0.05,<0.1,<0.05,11,2.6,<0.05,,27.9,1.47,<0.05,<0.2,401.3,10,1.20,8.1,0.3,16.1,<0.1,0.5,<0.2,<0.2,13.1,,1.14,0.48,<0.1,<0.2,<0.2,<0.1,<0.05,<0.2,1.7,<0.4,7.78,16.1,0.08,0.13,<0.05,0.07,<0.05,<0.05,<0.05,<0.05,0.06,<0.05,<0.05,<0.05,<0.05,<0.05,<0.05,<0.1,<0.2,<0.1,<0.2,<0.1,<0.1,1.89
30,MXSCSJT0023 AN,MXSCSJT0023 CAT,,0.022,5.1,5.0,0.5,1325,5.0,14.5,1508,,227,30,163,930,408,,<0.05,<0.05,0.51,<0.05,<0.05,<0.05,<0.05,<0.1,<0.05,<0.05,<0.05,<0.2,<0.05,<0.1,<0.05,7.6,1.7,<0.05,,764,1.1,1.4,0.7,7.4,3,0.1,2.4,2.3,62,<0.2,<0.4,2.2,0.9,88.7,,0.1,0.4,<0.2,19.4,<0.4,<0.2,<0.1,<0.4,1.8,<0.8,205,37.9,<0.1,<0.1,<0.1,<0.1,<0.1,<0.1,<0.1,<0.1,<0.1,<0.1,<0.1,<0.1,<0.1,<0.1,<0.1,<0.2,1.5,<0.2,<0.4,<0.2,<0.2,1446
31,MXSCSJT0024 AN,MXSCSJT0024 CAT,,0.022,3.6,0.5,<0.5,3104,11,<0.5,988,,110,64,248,1834,292,,<0.05,<0.05,0.84,<0.05,<0.05,<0.05,<0.05,0.3,0.17,<0.05,<0.05,<0.2,<0.05,<0.1,<0.05,5.1,1.7,<0.05,,139,1.0,0.5,<1,227.5,112,0.9,2,<1,17,<0.5,<1,3,<1,85,,0.3,2.1,<0.5,<1,<1,<0.5,<0.3,<1,<0.5,<2,1.9,28,<0.3,<0.3,<0.3,<0.3,<0.3,<0.3,<0.3,<0.3,<0.3,<0.3,<0.3,<0.3,<0.3,<0.3,<0.3,<0.5,<1,<0.5,<1,<0.5,<0.5,51.5
32,MXSCSJT0025 AN,MXSCSJT0025 CAT,,0.030,8.5,0.7,0.7,4734,16,<0.5,3410,,632,88,452,2091,963,,<0.05,<0.05,0.64,<0.05,<0.05,<0.05,<0.05,12,2.05,<0.05,<0.05,<0.2,<0.05,<0.1,<0.05,15,4.7,<0.05,,972,2.9,<0.3,<1,,,2.2,2,<1,15,<0.5,1,23,<1,128,,<0.3,<0.3,<0.5,6,<1,<0.5,<0.3,<1,<0.5,<2,65.6,40,<0.3,<0.3,<0.3,<0.3,<0.3,<0.3,<0.3,<0.3,<0.3,<0.3,<0.3,<0.3,<0.3,<0.3,<0.3,<0.5,<1,<0.5,<1,<0.5,<0.5,92.1
33,MXSCSJT0026 AN,MXSCSJT0026 CAT,,0.026,5.2,0.4,0.6,5150,18,<0.5,3373,,585,80,498,2297,963,,<0.05,0.10,0.71,<0.05,<0.05,<0.05,<0.05,2.4,0.99,<0.05,<0.05,<0.2,<0.05,<0.1,<0.05,6.3,4.7,0.53,,630,1.4,<0.3,<1,1379.6,685,1.5,18,30,789,<0.5,<1,170,<1,154,,0.7,0.9,<0.5,1,<1,<0.5,<0.3,<1,13.9,<2,138.9,30,<0.3,<0.3,<0.3,<0.3,<0.3,<0.3,<0.3,<0.3,<0.3,<0.3,<0.3,<0.3,<0.3,<0.3,<0.3,<0.5,<1,7.2,<1,<0.5,<0.5,26.8
34,MXSCSJT0027 AN,MXSCSJT0027 CAT,,0.020,13,0.8,4.1,10392,38,0.8,4183,,399,70,900,5889,1344,,<0.05,<0.05,1.4,<0.05,<0.05,<0.05,<0.05,<0.1,<0.05,<0.05,<0.05,<0.2,<0.05,<0.1,<0.05,4.8,9.4,<0.05,,349,1.0,<0.5,<2,4,<10,<0.5,14,2,60,<1,<2,<2,2,69,,<0.5,1.2,<1,<2,<2,<1,<0.5,<2,2,<4,75.8,21,<0.5,<0.5,<0.5,<0.5,<0.5,<0.5,<0.5,<0.5,<0.5,<0.5,<0.5,<0.5,<0.5,<0.5,<0.5,<1,<2,<1,<2,<1,<1,32.4
35,MXSCSJT0028 AN,MXSCSJT0028 CAT,,0.023,4.8,0.5,1.2,3242,13,<0.5,1168,,346,33,433,1178,330,,<0.05,<0.05,0.60,<0.05,<0.05,<0.05,<0.05,0.5,1.6,<0.05,<0.05,<0.2,<0.05,<0.1,<0.05,6.7,5.7,<0.05,,50.7,1.2,<0.1,<0.4,2131,141,0.4,1.1,0.1,12,<0.2,<0.4,0.6,<0.4,22.6,,0.5,1.1,<0.2,1.4,<0.4,<0.2,<0.1,<0.4,0.3,<0.8,16.7,24.7,<0.1,0.1,<0.1,<0.1,<0.1,<0.1,<0.1,<0.1,<0.1,<0.1,<0.1,<0.1,<0.1,<0.1,<0.1,<0.2,<0.4,<0.2,<0.4,<0.2,<0.2,8.6
36,MXSCSJT0030 AN,MXSCSJT0030 CAT,,1.4,5.6,37,1.5,144,0.49,81,78,,29,9.9,27,108,25,,<0.05,<0.05,0.34,<0.05,<0.05,<0.05,<0.05,<0.1,0.09,<0.05,<0.05,1.4,<0.05,<0.1,<0.05,9.5,0.6,<0.05,,6.8,1.39,1.64,0.4,91.0,8,0.86,1.7,5.8,24.7,<0.1,<0.2,1.0,2.2,6.9,739.2,<0.05,<0.05,<0.1,0.3,<0.2,<0.1,<0.05,<0.2,0.1,<0.4,2.96,77.6,<0.05,<0.05,<0.05,<0.05,<0.05,<0.05,<0.05,<0.05,<0.05,<0.05,<0.05,<0.05,<0.05,<0.05,<0.05,<0.1,<0.2,<0.1,<0.2,<0.1,<0.1,0.78
37,MXSCSJT0031 AN,MXSCSJT0031 CAT,,0.051,3.1,2.3,1.0,2916,13,5.3,1657,,184,41,446,1540,445,,<0.05,<0.05,0.62,<0.05,<0.05,<0.05,<0.05,0.5,0.18,<0.05,<0.05,<0.2,<0.05,<0.1,<0.05,20,3.4,<0.05,,108.0,3.3,2.6,<0.4,280,298,1.5,4.6,0.3,53,<0.2,<0.4,1.2,6.6,0.9,,0.3,0.3,<0.2,0.6,<0.4,<0.2,<0.1,<0.4,<0.2,<0.8,<0.1,28.8,<0.1,<0.1,<0.1,<0.1,<0.1,<0.1,<0.1,<0.1,<0.1,<0.1,<0.1,<0.1,<0.1,<0.1,<0.1,<0.2,<0.4,<0.2,<0.4,<0.2,<0.2,82.4
38,MXSCSJT0032 AN,MXSCSJT0032 CAT,,0.028,2.4,0.6,0.3,1379,6.1,0.3,418,,162,24,194,624,125,,<0.05,<0.05,0.47,<0.05,<0.05,<0.05,<0.05,<0.1,0.77,<0.05,<0.05,<0.2,<0.05,<0.1,<0.05,10,2.7,<0.05,,48.6,1.81,0.29,<0.2,921,33,0.07,1.0,0.4,14.4,<0.1,<0.2,0.4,<0.2,4.9,,0.15,0.60,<0.1,1.8,<0.2,<0.1,<0.05,<0.2,1.4,<0.4,0.21,171,<0.05,0.06,<0.05,<0.05,<0.05,<0.05,<0.05,<0.05,<0.05,<0.05,<0.05,<0.05,<0.05,<0.05,<0.05,<0.1,1.8,<0.1,<0.2,<0.1,<0.1,66.93
39,MXSCSJT0033 AN,MXSCSJT0033 CAT,,0.024,3.0,0.9,0.3,1381,6.1,0.3,419,,163,24,194,624,125,,<0.05,<0.05,0.47,<0.05,<0.05,<0.05,<0.05,<0.1,0.77,<0.05,<0.05,<0.2,<0.05,<0.1,<0.05,10,2.7,<0.05,,45.5,1.77,0.33,0.1,930,23,0.11,1.0,<0.2,10.7,<0.1,<0.2,0.4,<0.2,5.3,,0.14,0.80,<0.1,1.8,<0.2,<0.1,<0.05,<0.2,1.6,<0.4,0.21,175,<0.05,0.06,<0.05,<0.05,<0.05,<0.05,<0.05,<0.05,<0.05,<0.05,<0.05,<0.05,<0.05,<0.05,<0.05,<0.1,1.8,<0.1,<0.2,<0.1,<0.1,67.88
40,MXSCSJT0034 AN,MXSCSJT0034 CAT,,0.022,4.6,0.4,1.3,1538,6.5,0.1,598,,57,45,135,928,175,,<0.05,<0.05,1.3,<0.05,<0.05,<0.05,<0.05,<0.1,0.27,<0.05,<0.05,<0.2,<0.05,<0.1,<0.05,6.6,1.9,0.06,,26.4,1.2,0.2,<0.4,320.7,<5,2.6,2.5,0.3,77,<0.2,<0.4,0.9,<0.4,16.1,,<0.1,0.2,<0.2,2.7,<0.4,<0.2,<0.1,<0.4,1.5,<0.8,5.2,64.7,<0.1,<0.1,<0.1,<0.1,<0.1,<0.1,<0.1,<0.1,<0.1,<0.1,<0.1,<0.1,<0.1,<0.1,<0.1,<0.2,0.8,<0.2,3.0,<0.2,<0.2,2.6
41,MXNCLJD0001 AN,MXNCLJD0001 CAT,,0.125,5.4,21,<1,5882,21,55,2474,,330,69,621,3084,800,,<0.05,<0.05,0.50,<0.05,<0.05,<0.05,0.06,0.5,0.66,<0.05,<0.05,0.3,<0.05,<0.1,<0.05,4.5,6.5,0.77,,269,1.1,0.6,<1,932,235,14.1,25,69,1152,<0.5,<1,2,<1,139,,<0.3,<0.3,<0.5,16,<1,<0.5,<0.3,<1,5.5,<2,176.6,48,<0.3,<0.3,<0.3,<0.3,<0.3,<0.3,<0.3,<0.3,<0.3,<0.3,<0.3,<0.3,<0.3,<0.3,<0.3,<0.5,<1,<0.5,<1,<0.5,<0.5,0.6
42,MXNCLJD0002 AN,MXNCLJD0002 CAT,,0.112,9.0,6.5,<1,5971,19,<1,2065,,197,84,343,3223,632,,<0.05,<0.05,0.68,<0.05,<0.05,<0.05,<0.05,<0.1,0.13,<0.05,<0.05,0.3,<0.05,<0.1,<0.05,4.1,5.2,<0.05,,208,1.0,<0.3,2,187.4,33,0.3,2,<1,26,<0.5,<1,<1,<1,124,,<0.3,1.9,<0.5,<1,<1,<0.5,<0.3,<1,<0.5,<2,289.4,21,<0.3,<0.3,<0.3,<0.3,<0.3,<0.3,<0.3,<0.3,<0.3,<0.3,<0.3,<0.3,<0.3,<0.3,<0.3,<0.5,<1,<0.5,1,<0.5,<0.5,<0.3
43,MXNCLJD0004 AN,MXNCLJD0003 CAT,,0.029,9.6,0.6,0.4,1027,5.1,<0.2,496,,118,38,120,758,142,,<0.05,<0.05,1.2,<0.05,<0.05,<0.05,<0.05,<0.1,0.18,<0.05,<0.05,<0.2,<0.05,<0.1,<0.05,9.3,1.6,0.06,,86.6,1.7,0.4,<0.4,219,13,0.1,1.8,32.5,77,<0.2,<0.4,<0.4,0.7,12.3,,<0.1,1.4,<0.2,0.5,<0.4,<0.2,<0.1,<0.4,0.3,<0.8,5.9,18.8,<0.1,<0.1,<0.1,<0.1,<0.1,<0.1,<0.1,<0.1,<0.1,<0.1,<0.1,<0.1,<0.1,<0.1,<0.1,<0.2,<0.4,<0.2,0.9,<0.2,<0.2,20.9
44,MXNCLJD0005 AN,MXNCLJD0005 CAT,,0.023,4.0,0.3,<2,17546,55,<2,8692,,487,204,1627,8645,2484,,<0.05,<0.05,1.3,<0.05,<0.05,<0.05,<0.05,<0.1,0.25,<0.05,<0.05,<0.2,<0.05,<0.1,<0.05,4.6,11,0.06,,524,1.3,<0.8,<3,412,<20,15.6,16,<3,112,<2,<3,<3,9,216,,<0.8,<0.8,<2,<3,<3,<2,<0.8,<3,<2,<6,87.2,47,<0.8,<0.8,<0.8,<0.8,<0.8,<0.8,<0.8,<0.8,<0.8,<0.8,<0.8,<0.8,<0.8,<0.8,<0.8,<2,<3,<2,<3,<2,<2,6.9
45,MXNCLJD0006 AN,MXNCLJD0006 CAT,,0.030,8.9,1.7,<1,8019,20,1.4,3654,,446,78,891,3497,1063,,<0.05,<0.05,0.44,<0.05,<0.05,<0.05,<0.05,4.8,0.88,<0.05,<0.05,<0.2,<0.05,<0.1,<0.05,6.3,7.3,<0.05,,253,1.7,<0.3,<1,1541,2943,0.8,3,<1,20,<0.5,<1,<1,<1,70,,0.7,5.9,<0.5,<1,<1,<0.5,<0.3,<1,<0.5,<2,24.5,44,<0.3,<0.3,<0.3,<0.3,<0.3,<0.3,<0.3,<0.3,<0.3,<0.3,<0.3,<0.3,<0.3,<0.3,<0.3,<0.5,<1,<0.5,<1,<0.5,<0.5,4.7
46,MXNCLJD0007 AN,MXNCLJD0007 CAT,,0.035,7.4,9.9,<2,10192,34,<2,1012,,5.1,236,411,6187,239,,<0.05,<0.05,0.37,<0.05,<0.05,<0.05,<0.05,<0.1,0.05,<0.05,<0.05,<0.2,<0.05,<0.1,<0.05,1.6,0.19,<0.05,,15,1.2,<0.5,<2,69,55,<0.5,2,<2,20,<1,3,81,<2,87,326,<0.5,2.9,<1,16,<2,<1,<0.5,<2,5,<4,<0.5,10,<0.5,<0.5,<0.5,<0.5,<0.5,<0.5,<0.5,<0.5,<0.5,<0.5,<0.5,<0.5,<0.5,<0.5,<0.5,3,3,<1,<2,<1,<1,<0.5
47,MXNCLJD0007D  AN,,,0.035,7.7,9.4,<2,10190,34,<2,1016,,,,,,,,,,,,,,,,,,,,,,,,,,,,,,,,,,,,,,,,,,,,,,,,,,,,,,,,,,,,,,,,,,,,,,,,,,,,
48,MXNCLJD0007B  AN,,,0.014,0.7,0.1,<0.05,0.3,<0.05,<0.05,0.11,,,,,,,,,,,,,,,,,,,,,,,,,,,,,,,,,,,,,,,,,,,,,,,,,,,,,,,,,,,,,,,,,,,,,,,,,,,,
49,,MXNCLJD0005D CAT,,,,,,,,,,,494,205,1559,8433,2404,,<0.05,<0.05,1.2,<0.05,<0.05,<0.05,<0.05,<0.1,0.25,<0.05,<0.05,<0.2,<0.05,<0.1,<0.05,4.5,11,0.06,,509,1.3,<0.8,<3,415,<20,15.3,16,<3,122,<2,<3,<3,9,212,,<0.8,<0.8,<2,<3,<3,<2,<0.8,<3,<2,<6,92.4,47,<0.8,<0.8,<0.8,<0.8,<0.8,<0.8,<0.8,<0.8,<0.8,<0.8,<0.8,<0.8,<0.8,<0.8,<0.8,<2,<3,<2,<3,<2,<2,6.8
50,,MXNCLJD0005B CAT,,,,,,,,,,,<0.1,<0.2,<0.1,<0.2,<0.2,,<0.05,<0.05,<0.05,<0.05,<0.05,<0.05,<0.05,<0.1,<0.05,<0.05,<0.05,<0.2,<0.05,<0.1,<0.05,<0.05,<0.05,<0.05,,<0.2,<0.05,<0.05,<0.2,<0.1,1,<0.05,0.2,0.2,4.5,<0.1,<0.2,<0.2,<0.2,<0.2,<0.05,<0.05,<0.05,<0.1,<0.2,<0.2,<0.1,<0.05,<0.2,<0.1,<0.4,<0.05,<0.2,<0.05,<0.05,<0.05,<0.05,<0.05,<0.05,<0.05,<0.05,<0.05,<0.05,<0.05,<0.05,<0.05,<0.05,<0.05,<0.1,<0.2,<0.1,<0.2,<0.1,<0.1,<0.05
51,,20 TM25.5 ,,,,,,,,,,,14,0.4,3.7,4.3,3.7,,<0.05,<0.05,<0.05,<0.05,<0.05,<0.05,<0.05,<0.1,<0.05,<0.05,<0.05,<0.2,<0.05,<0.1,<0.05,0.2,0.07,0.08,,21.0,0.05,29.23,25.6,26.0,21,29.84,15.9,27.8,86.4,<0.1,<0.2,29.5,36.6,0.6,78.51,<0.05,<0.05,<0.1,29.4,20.5,25.7,0.14,27.0,27.0,<0.4,<0.05,29.9,<0.05,<0.05,<0.05,<0.05,<0.05,<0.05,<0.05,<0.05,<0.05,<0.05,<0.05,<0.05,<0.05,<0.05,<0.05,<0.1,<0.2,30.4,27.5,21.9,<0.1,26.11
52,20 HML.2,,,0.017,2.0,2.9,0.27,71,0.10,8.6,45,,,,,,,,,,,,,,,,,,,,,,,,,,,,,,,,,,,,,,,,,,,,,,,,,,,,,,,,,,,,,,,,,,,,,,,,,,,,
53,MXNCLJD0008 AN,MXNCLJD0008 CAT,,0.055,5.7,8.5,1.0,810,3.2,23.9,328,,45,17,82,611,88,,<0.05,<0.05,0.83,<0.05,<0.05,<0.05,<0.05,<0.1,<0.05,<0.05,<0.05,<0.2,<0.05,<0.1,<0.05,16,0.47,<0.05,,30.4,2.7,0.8,<0.4,1.3,2,<0.1,0.8,1.8,11,<0.2,<0.4,0.7,3.2,16.1,586,<0.1,0.1,<0.2,2.2,<0.4,<0.2,<0.1,<0.4,<0.2,<0.8,2.7,23.2,<0.1,<0.1,<0.1,<0.1,<0.1,<0.1,<0.1,<0.1,<0.1,<0.1,<0.1,<0.1,<0.1,<0.1,<0.1,<0.2,<0.4,<0.2,<0.4,<0.2,<0.2,12.2
54,MXNCLJD0009 AN,MXNCLJD0009 CAT,,0.033,3.4,0.4,0.5,560,2.5,0.0,497,,34,26,85,600,147,,<0.05,<0.05,1.3,<0.05,<0.05,<0.05,<0.05,0.9,0.09,<0.05,<0.05,<0.2,<0.05,<0.1,<0.05,5.2,0.64,<0.05,,106.6,0.9,<0.1,<0.4,101,247,0.9,2.5,0.5,12,<0.2,<0.4,3.1,<0.4,59.0,778.2,<0.1,0.5,<0.2,<0.4,<0.4,<0.2,<0.1,<0.4,<0.2,<0.8,5.6,27.0,<0.1,<0.1,<0.1,<0.1,<0.1,<0.1,<0.1,<0.1,<0.1,<0.1,<0.1,<0.1,<0.1,<0.1,<0.1,<0.2,<0.4,<0.2,<0.4,<0.2,<0.2,7.3
55,MXNCLJD0010 AN,MXNCLJD0010 CAT,,0.017,8.1,0.6,0.0,1.0,0.0,0.0,0.6,,<0.1,<0.2,<0.1,0.3,<0.2,,<0.05,<0.05,0.63,<0.05,<0.05,<0.05,<0.05,<0.1,<0.05,<0.05,<0.05,<0.2,<0.05,<0.1,<0.05,0.4,<0.05,<0.05,,<0.2,0.06,<0.05,<0.2,0.4,3,<0.05,<0.2,<0.2,5.2,<0.1,<0.2,<0.2,<0.2,<0.2,0.94,<0.05,<0.05,<0.1,<0.2,<0.2,<0.1,<0.05,<0.2,<0.1,<0.4,<0.05,<0.2,<0.05,<0.05,<0.05,<0.05,<0.05,<0.05,<0.05,<0.05,<0.05,<0.05,<0.05,<0.05,<0.05,<0.05,<0.05,<0.1,<0.2,<0.1,<0.2,<0.1,<0.1,<0.05
56,MXNCLJD0012 AN,MXNCLJD0012 CAT,,0.055,2.8,3.2,0.4,612,2.8,2.5,185,,70,31,66,319,59,,<0.05,<0.05,0.60,<0.05,<0.05,<0.05,<0.05,<0.1,0.06,<0.05,<0.05,<0.2,<0.05,<0.1,<0.05,17,1.1,<0.05,,5.0,2.63,2.81,0.5,64.1,67,0.12,0.8,<0.2,8.6,<0.1,<0.2,1.4,<0.2,23.0,,<0.05,<0.05,<0.1,0.2,<0.2,<0.1,<0.05,<0.2,0.2,<0.4,0.92,62.1,<0.05,<0.05,<0.05,<0.05,<0.05,<0.05,<0.05,<0.05,<0.05,<0.05,<0.05,<0.05,<0.05,<0.05,<0.05,<0.1,<0.2,<0.1,<0.2,<0.1,<0.1,0.47
57,MXNCLJD0013 AN,MXNCLJD0013 CAT,,0.021,12,2.2,0.5,1980,8.1,4.2,441,,153,42,226,721,128,,<0.05,<0.05,0.65,<0.05,<0.05,<0.05,<0.05,<0.1,<0.05,<0.05,<0.05,<0.2,<0.05,<0.1,<0.05,7.4,1.8,<0.05,,70.3,1.3,4.0,<0.4,1.4,0,<0.1,0.6,1.1,11,<0.2,<0.4,0.8,1.5,38.0,,<0.1,<0.1,<0.2,<0.4,<0.4,<0.2,<0.1,<0.4,<0.2,<0.8,0.4,25.9,<0.1,<0.1,<0.1,<0.1,<0.1,<0.1,<0.1,<0.1,<0.1,<0.1,<0.1,<0.1,<0.1,<0.1,<0.1,<0.2,<0.4,<0.2,<0.4,<0.2,<0.2,20.9
58,MXNCLJD0014 AN,MXNCLJD0014 CAT,,6.7,14,114,0.2,1924,8.0,1.8,198,,212,62,233,653,56,,<0.05,<0.05,0.56,<0.05,<0.05,<0.05,<0.05,<0.1,0.09,<0.05,<0.05,8.0,<0.05,<0.1,<0.05,9.3,2.3,<0.05,,49.5,1.81,1.10,0.6,120,104,<0.05,1.0,<0.2,7.5,<0.1,<0.2,0.9,<0.2,47.9,,<0.05,0.20,<0.1,<0.2,<0.2,<0.1,<0.05,<0.2,<0.1,0.6,1.14,60.1,<0.05,<0.05,<0.05,<0.05,<0.05,<0.05,<0.05,<0.05,<0.05,<0.05,<0.05,<0.05,<0.05,<0.05,<0.05,<0.1,<0.2,<0.1,<0.2,<0.1,<0.1,1.12
59,MXNCLJD0015 AN,MXNCLJD0015 CAT,,0.126,7.8,36,0.2,3328,14,0.2,5.8,,6.3,61,219,1536,1.1,,<0.05,<0.05,0.71,<0.05,<0.05,<0.05,<0.05,<0.1,0.11,<0.05,<0.05,<0.2,<0.05,<0.1,<0.05,0.3,0.14,<0.05,,175,<0.3,<0.3,<1,133.6,12,<0.3,<1,<1,16,<0.5,<1,<1,<1,133,201,<0.3,<0.3,<0.5,4,<1,<0.5,<0.3,<1,<0.5,<2,1.0,8,<0.3,<0.3,<0.3,<0.3,<0.3,<0.3,<0.3,<0.3,<0.3,<0.3,<0.3,<0.3,<0.3,<0.3,<0.3,<0.5,<1,<0.5,<1,<0.5,<0.5,<0.3
60,MXNCLJD0016 AN,MXNCLJD0016 CAT,,0.135,2.7,0.9,0.9,4173,16,0.2,1083,,134,65,349,1804,297,,<0.05,<0.05,0.95,<0.05,<0.05,<0.05,<0.05,<0.1,0.06,<0.05,<0.05,<0.2,<0.05,<0.1,<0.05,4.9,2.3,<0.05,,55,1.1,6.5,<1,85.7,<5,2.0,3,<1,27,<0.5,<1,<1,2,137,,<0.3,<0.3,<0.5,4,<1,<0.5,<0.3,<1,<0.5,<2,8.8,69,<0.3,<0.3,<0.3,<0.3,<0.3,<0.3,<0.3,<0.3,<0.3,<0.3,<0.3,<0.3,<0.3,<0.3,<0.3,<0.5,<1,<0.5,<1,<0.5,<0.5,29.1
61,MXSCMAE0001 AN,MXSCMAE0001 CAT,,0.042,34,16,0.0,112,0.5,2.2,0.2,,0.9,29,1.7,136,0.5,,0.06,<0.05,<0.05,<0.05,<0.05,<0.05,<0.05,3.6,<0.05,<0.05,<0.05,<0.2,<0.05,<0.1,<0.05,0.5,<0.05,<0.05,,0.4,0.15,0.92,0.9,37,4244,1.78,6.1,6.7,54.2,<0.1,<0.2,1.2,<0.2,11.2,20.13,0.20,0.78,<0.1,2.3,<0.2,<0.1,<0.05,1.7,0.1,<0.4,<0.05,2.2,0.16,0.42,0.05,0.21,0.05,<0.05,<0.05,<0.05,<0.05,<0.05,<0.05,<0.05,<0.05,<0.05,<0.05,<0.1,<0.2,<0.1,1.9,<0.1,<0.1,<0.05
62,MXSCMAE0002 AN,MXSCMAE0002 CAT,,0.020,4.7,24,<0.2,1465,5.8,<0.2,17,,21,29,85,565,3.4,,<0.05,<0.05,0.09,<0.05,<0.05,<0.05,<0.05,<0.1,0.14,<0.05,<0.05,<0.2,<0.05,<0.1,<0.05,0.9,1.4,<0.05,,12.9,0.20,<0.05,<0.2,160.0,11,0.19,0.5,<0.2,3.1,<0.1,<0.2,<0.2,<0.2,15.9,,<0.05,<0.05,<0.1,0.5,<0.2,<0.1,<0.05,<0.2,<0.1,<0.4,0.27,7.2,<0.05,<0.05,<0.05,<0.05,<0.05,<0.05,<0.05,<0.05,<0.05,<0.05,<0.05,<0.05,<0.05,<0.05,<0.05,<0.1,<0.2,<0.1,<0.2,<0.1,<0.1,<0.05
63,MXSCMAE0003 AN,MXSCMAE0003 CAT,,0.028,3.8,0.5,0.4,245,1.0,<0.05,90,,42,9.0,57,220,29,,<0.05,<0.05,0.25,<0.05,<0.05,<0.05,<0.05,0.1,0.10,<0.05,<0.05,<0.2,<0.05,<0.1,<0.05,16,0.27,<0.05,,59.8,2.57,<0.05,<0.2,104.2,64,0.05,0.2,0.3,18.2,<0.1,0.3,0.6,<0.2,30.6,321.7,<0.05,<0.05,<0.1,1.0,<0.2,<0.1,<0.05,<0.2,<0.1,<0.4,26.99,43.9,<0.05,<0.05,<0.05,<0.05,<0.05,<0.05,<0.05,<0.05,<0.05,<0.05,<0.05,<0.05,<0.05,<0.05,<0.05,<0.1,<0.2,<0.1,<0.2,<0.1,<0.1,0.21
64,MXSCMAE0004 AN,MXSCMAE0004 CAT,,0.018,13,16,<0.2,1057,4.5,0.2,75,,18,59,44,622,20,,<0.05,<0.05,0.21,<0.05,<0.05,<0.05,<0.05,0.2,0.68,<0.05,<0.05,<0.2,<0.05,<0.1,<0.05,0.5,1.7,<0.05,,188,0.11,<0.05,<0.2,753,89,0.72,0.7,<0.2,15.1,<0.1,<0.2,0.2,<0.2,41.7,,<0.05,<0.05,<0.1,0.5,<0.2,<0.1,<0.05,<0.2,<0.1,<0.4,86.34,175,<0.05,<0.05,<0.05,<0.05,<0.05,<0.05,<0.05,<0.05,<0.05,<0.05,<0.05,<0.05,<0.05,<0.05,<0.05,<0.1,<0.2,<0.1,<0.2,<0.1,<0.1,<0.05
65,MXSCMAE0005 AN,MXSCMAE0005 CAT,,0.018,8.2,0.7,0.9,1708,7.2,<0.2,5.4,,26,34,177,784,1.6,,<0.05,<0.05,0.54,<0.05,<0.05,<0.05,<0.05,<0.1,0.25,<0.05,<0.05,<0.2,<0.05,<0.1,<0.05,1.0,0.37,<0.05,,36.7,0.2,<0.1,<0.4,296.8,2,0.8,2.7,0.1,11,<0.2,<0.4,0.4,<0.4,12.0,469.7,<0.1,<0.1,<0.2,<0.4,<0.4,<0.2,<0.1,<0.4,<0.2,<0.8,0.1,25.2,<0.1,<0.1,<0.1,<0.1,<0.1,<0.1,<0.1,<0.1,<0.1,<0.1,<0.1,<0.1,<0.1,<0.1,<0.1,<0.2,<0.4,<0.2,<0.4,<0.2,<0.2,0.9
66,MXSCMAE0010 AN,MXSCMAE0010 CAT,,0.022,2.3,0.7,0.5,362,1.6,<0.2,62,,58,26,85,142,19,,<0.05,<0.05,0.14,<0.05,<0.05,<0.05,<0.05,<0.1,<0.05,<0.05,<0.05,<0.2,<0.05,<0.1,<0.05,7.0,1.35,<0.05,,9.9,1.22,0.38,0.4,0.3,<1,<0.05,0.3,<0.2,6.8,<0.1,<0.2,0.4,1.3,9.9,,<0.05,<0.05,<0.1,0.4,<0.2,<0.1,<0.05,<0.2,<0.1,<0.4,1.07,116,<0.05,<0.05,<0.05,<0.05,<0.05,<0.05,<0.05,<0.05,<0.05,<0.05,<0.05,<0.05,<0.05,<0.05,<0.05,<0.1,<0.2,<0.1,<0.2,<0.1,<0.1,8.11
67,MXSCMAE0011 AN,MXSCMAE0011 CAT,,0.022,5.0,0.5,<0.5,3822,16,<0.5,1248,,180,33,367,1597,347,,<0.05,<0.05,0.53,<0.05,<0.05,<0.05,<0.05,1.6,0.85,<0.05,<0.05,<0.2,<0.05,<0.1,<0.05,7.8,4.4,<0.05,,145,1.7,<0.3,8,1087,497,<0.3,4,<1,19,<0.5,<1,<1,<1,7,,<0.3,<0.3,<0.5,<1,<1,<0.5,<0.3,<1,<0.5,<2,0.4,43,<0.3,<0.3,<0.3,<0.3,<0.3,<0.3,<0.3,<0.3,<0.3,<0.3,<0.3,<0.3,<0.3,<0.3,<0.3,<0.5,<1,<0.5,<1,<0.5,<0.5,10.9
68,MXSCMAE0015 AN,MXSCMAE0015 CAT,,0.020,9.5,34,0.12,112,0.43,0.07,0.20,,8.1,9.2,6.0,100,<0.2,,<0.05,<0.05,<0.05,<0.05,<0.05,<0.05,<0.05,25,0.40,<0.05,<0.05,<0.2,<0.05,<0.1,<0.05,6.4,0.08,<0.05,,2.3,1.13,<0.05,<0.2,420,18767,0.39,1.8,<0.2,10.3,<0.1,0.4,0.4,<0.2,4.3,94.54,<0.05,<0.05,<0.1,0.5,<0.2,<0.1,<0.05,0.2,<0.1,<0.4,0.24,13.3,<0.05,<0.05,<0.05,<0.05,<0.05,<0.05,<0.05,<0.05,<0.05,<0.05,<0.05,<0.05,<0.05,<0.05,<0.05,<0.1,<0.2,<0.1,<0.2,<0.1,<0.1,<0.05
69,MXSCMAE0016 AN,MXSCMAE0016 CAT,,0.159,6.2,3.2,1.8,4129,16,0.23,764,,421,45,57,1754,210,,<0.05,<0.05,0.52,<0.05,<0.05,<0.05,<0.05,1.1,1.0,<0.05,<0.05,0.3,<0.05,<0.1,<0.05,6.4,11,<0.05,,979,1.4,<0.3,<1,,,0.24,2,<1,18,<0.5,<1,<1,<1,141,,0.4,<0.3,<0.5,<1,<1,<0.5,<0.3,<1,0.5,<2,114.5,159,<0.3,<0.3,<0.3,<0.3,<0.3,<0.3,<0.3,<0.3,<0.3,<0.3,<0.3,<0.3,<0.3,<0.3,<0.3,<0.5,18,<0.5,<1,<0.5,<0.5,0.3
70,MXSCMAE0017 AN,MXSCMAE0017 CAT,,0.031,3.9,7.9,1.4,811,4.2,<0.2,204,,72,22,98,405,60,,<0.05,<0.05,0.59,<0.05,<0.05,<0.05,<0.05,<0.1,<0.05,<0.05,<0.05,<0.2,<0.05,<0.1,<0.05,16,1.4,<0.05,,13.2,2.65,2.59,0.4,0.9,3,<0.05,0.5,2.7,43.5,<0.1,<0.2,0.4,8.2,2.4,,0.11,<0.05,<0.1,0.6,<0.2,0.2,<0.05,<0.2,<0.1,<0.4,0.09,27.8,<0.05,<0.05,<0.05,<0.05,<0.05,<0.05,<0.05,<0.05,<0.05,<0.05,<0.05,<0.05,<0.05,<0.05,<0.05,<0.1,<0.2,<0.1,<0.2,<0.1,<0.1,12.79
71,MXNCKSH0001 AN,MXNCKSH0001 CAT,,0.022,27,2.7,<0.05,4.3,<0.05,1.5,0.51,,5.2,4.4,2.3,2.6,0.5,,0.50,<0.05,<0.05,<0.05,<0.05,<0.05,<0.05,0.6,<0.05,<0.05,<0.05,<0.2,<0.05,<0.1,<0.05,1.4,<0.05,<0.05,,1.8,0.33,1.28,0.9,22,399,0.52,1.5,2.3,15.0,0.2,<0.2,0.5,<0.2,1.8,49.22,0.30,0.63,<0.1,<0.2,<0.2,<0.1,<0.05,<0.2,<0.1,<0.4,0.06,19.1,0.27,0.71,0.08,0.41,0.08,<0.05,0.07,<0.05,0.05,<0.05,<0.05,<0.05,<0.05,<0.05,<0.05,<0.1,<0.2,<0.1,0.4,<0.1,<0.1,<0.05
72,MXNCKSH0002 AN,MXNCKSH0002 CAT,,0.025,7.0,3.1,0.5,531,1.8,<0.2,258,,62,14,104,245,76,,<0.05,<0.05,0.35,<0.05,<0.05,<0.05,<0.05,<0.1,<0.05,<0.05,<0.05,<0.2,<0.05,<0.1,<0.05,13,1.6,0.09,,41.6,2.04,7.70,<0.2,21.7,17,0.23,2.1,2.6,97.7,<0.1,<0.2,2.4,1.3,10.7,,<0.05,<0.05,<0.1,0.4,<0.2,<0.1,<0.05,<0.2,0.7,<0.4,9.12,193,<0.05,<0.05,<0.05,<0.05,<0.05,<0.05,<0.05,<0.05,<0.05,<0.05,<0.05,<0.05,<0.05,<0.05,<0.05,<0.1,<0.2,<0.1,0.4,<0.1,<0.1,3.38
73,MXSCMAE0002D AN,,,0.018,3.9,24,<0.2,1506,6.0,<0.2,18,,,,,,,,,,,,,,,,,,,,,,,,,,,,,,,,,,,,,,,,,,,,,,,,,,,,,,,,,,,,,,,,,,,,,,,,,,,,
74,MXSCMAE0002B AN,,,0.014,1.1,0.1,<0.05,0.2,<0.05,<0.05,0.1,,,,,,,,,,,,,,,,,,,,,,,,,,,,,,,,,,,,,,,,,,,,,,,,,,,,,,,,,,,,,,,,,,,,,,,,,,,,
75,,MXSCMAE0015D  CAT,,,,,,,,,,,8.0,9.0,6.0,100,<0.2,,<0.05,<0.05,<0.05,<0.05,<0.05,<0.05,<0.05,24.4,0.40,<0.05,<0.05,<0.2,<0.05,<0.1,<0.05,6.4,0.08,<0.05,,2.3,1.11,<0.05,<0.2,427,18468,0.34,2.0,<0.2,17.6,<0.1,0.3,0.4,<0.2,3.7,69.05,<0.05,<0.05,<0.1,0.4,<0.2,<0.1,<0.05,0.2,<0.1,<0.4,0.29,12.8,<0.05,<0.05,<0.05,<0.05,<0.05,<0.05,<0.05,<0.05,<0.05,<0.05,<0.05,<0.05,<0.05,<0.05,<0.05,<0.1,<0.2,<0.1,<0.2,<0.1,<0.1,<0.05
76,,MXSCMAE0015B  CAT,,,,,,,,,,,<0.1,<0.2,<0.1,<0.2,<0.2,,<0.05,<0.05,<0.05,<0.05,<0.05,<0.05,<0.05,<0.1,<0.05,<0.05,<0.05,<0.2,<0.05,<0.1,<0.05,<0.05,<0.05,<0.05,,<0.2,<0.05,<0.05,<0.2,<0.1,11,<0.05,<0.2,<0.2,4.3,<0.1,<0.2,<0.2,<0.2,<0.2,<0.05,<0.05,<0.05,<0.1,<0.2,<0.2,<0.1,<0.05,<0.2,<0.1,<0.4,<0.05,<0.2,<0.05,<0.05,<0.05,<0.05,<0.05,<0.05,<0.05,<0.05,<0.05,<0.05,<0.05,<0.05,<0.05,<0.05,<0.05,<0.1,<0.2,<0.1,<0.2,<0.1,<0.1,<0.05
77,,20 TM25.5,,,,,,,,,,,14,<0.2,3.8,4.2,3.7,,<0.05,<0.05,<0.05,<0.05,<0.05,<0.05,<0.05,<0.1,<0.05,<0.05,<0.05,<0.2,<0.05,<0.1,<0.05,0.2,0.07,0.08,,21.4,<0.05,27.45,23.8,24.4,25,27.82,15.4,26.4,81.1,<0.1,<0.2,27.8,34.7,0.4,80.67,<0.05,<0.05,<0.1,28.6,20.4,25.1,0.14,26.7,27.2,<0.4,<0.05,29.5,<0.05,<0.05,<0.05,<0.05,<0.05,<0.05,<0.05,<0.05,<0.05,<0.05,<0.05,<0.05,<0.05,<0.05,<0.05,<0.1,<0.2,29.6,26.5,20.8,<0.1,25.16
78,20 HML.3,,,0.014,2.9,2.8,0.27,74,0.11,8.9,46,,,,,,,,,,,,,,,,,,,,,,,,,,,,,,,,,,,,,,,,,,,,,,,,,,,,,,,,,,,,,,,,,,,,,,,,,,,,
,,,,,,,,,,,,,,,,,,,,,,,,,,,,,,,,,,,,,,,,,,,,,,,,,,,,,,,,,,,,,,,,,,,,,,,,,,,,,,,,,,,,,,,
,,,,,,,,,,,,,,,,,,,,,,,,,,,,,,,,,,,,,,,,,,,,,,,,,,,,,,,,,,,,,,,,,,,,,,,,,,,,,,,,,,,,,,,
,,,,,,,,,,,,,,,,,,,,,,,,,,,,,,,,,,,,,,,,,,,,,,,,,,,,,,,,,,,,,,,,,,,,,,,,,,,,,,,,,,,,,,,
,,,,,,,,,,,,,,,,,,,,,,,,,,,,,,,,,,,,,,,,,,,,,,,,,,,,,,,,,,,,,,,,,,,,,,,,,,,,,,,,,,,,,,,
,,,,,,,,,,,,,,,,,,,,,,,,,,,,,,,,,,,,,,,,,,,,,,,,,,,,,,,,,,,,,,,,,,,,,,,,,,,,,,,,,,,,,,,
,,,,,,,,,,,,,,,,,,,,,,,,,,,,,,,,,,,,,,,,,,,,,,,,,,,,,,,,,,,,,,,,,,,,,,,,,,,,,,,,,,,,,,,
,,,,,,,,,,,,,,,,,,,,,,,,,,,,,,,,,,,,,,,,,,,,,,,,,,,,,,,,,,,,,,,,,,,,,,,,,,,,,,,,,,,,,,,
,,,,,,,,,,,,,,,,,,,,,,,,,,,,,,,,,,,,,,,,,,,,,,,,,,,,,,,,,,,,,,,,,,,,,,,,,,,,,,,,,,,,,,,
,,,,,,,,,,,,,,,,,,,,,,,,,,,,,,,,,,,,,,,,,,,,,,,,,,,,,,,,,,,,,,,,,,,,,,,,,,,,,,,,,,,,,,,
,,,,,,,,,,,,,,,,,,,,,,,,,,,,,,,,,,,,,,,,,,,,,,,,,,,,,,,,,,,,,,,,,,,,,,,,,,,,,,,,,,,,,,,
,,,,,,,,,,,,,,,,,,,,,,,,,,,,,,,,,,,,,,,,,,,,,,,,,,,,,,,,,,,,,,,,,,,,,,,,,,,,,,,,,,,,,,,
,,,,,,,,,,,,,,,,,,,,,,,,,,,,,,,,,,,,,,,,,,,,,,,,,,,,,,,,,,,,,,,,,,,,,,,,,,,,,,,,,,,,,,,
,,,,,,,,,,,,,,,,,,,,,,,,,,,,,,,,,,,,,,,,,,,,,,,,,,,,,,,,,,,,,,,,,,,,,,,,,,,,,,,,,,,,,,,
,,,,,,,,,,,,,,,,,,,,,,,,,,,,,,,,,,,,,,,,,,,,,,,,,,,,,,,,,,,,,,,,,,,,,,,,,,,,,,,,,,,,,,,
,,,,,,,,,,,,,,,,,,,,,,,,,,,,,,,,,,,,,,,,,,,,,,,,,,,,,,,,,,,,,,,,,,,,,,,,,,,,,,,,,,,,,,,
,,,,,,,,,,,,,,,,,,,,,,,,,,,,,,,,,,,,,,,,,,,,,,,,,,,,,,,,,,,,,,,,,,,,,,,,,,,,,,,,,,,,,,,
,,,,,,,,,,,,,,,,,,,,,,,,,,,,,,,,,,,,,,,,,,,,,,,,,,,,,,,,,,,,,,,,,,,,,,,,,,,,,,,,,,,,,,,
,,,,,,,,,,,,,,,,,,,,,,,,,,,,,,,,,,,,,,,,,,,,,,,,,,,,,,,,,,,,,,,,,,,,,,,,,,,,,,,,,,,,,,,
,,,,,,,,,,,,,,,,,,,,,,,,,,,,,,,,,,,,,,,,,,,,,,,,,,,,,,,,,,,,,,,,,,,,,,,,,,,,,,,,,,,,,,,
,,,,,,,,,,,,,,,,,,,,,,,,,,,,,,,,,,,,,,,,,,,,,,,,,,,,,,,,,,,,,,,,,,,,,,,,,,,,,,,,,,,,,,,
,,,,,,,,,,,,,,,,,,,,,,,,,,,,,,,,,,,,,,,,,,,,,,,,,,,,,,,,,,,,,,,,,,,,,,,,,,,,,,,,,,,,,,,
,,,,,,,,,,,,,,,,,,,,,,,,,,,,,,,,,,,,,,,,,,,,,,,,,,,,,,,,,,,,,,,,,,,,,,,,,,,,,,,,,,,,,,,
,,,,,,,,,,,,,,,,,,,,,,,,,,,,,,,,,,,,,,,,,,,,,,,,,,,,,,,,,,,,,,,,,,,,,,,,,,,,,,,,,,,,,,,
,,,,,,,,,,,,,,,,,,,,,,,,,,,,,,,,,,,,,,,,,,,,,,,,,,,,,,,,,,,,,,,,,,,,,,,,,,,,,,,,,,,,,,,
,,,,,,,,,,,,,,,,,,,,,,,,,,,,,,,,,,,,,,,,,,,,,,,,,,,,,,,,,,,,,,,,,,,,,,,,,,,,,,,,,,,,,,,
,,,,,,,,,,,,,,,,,,,,,,,,,,,,,,,,,,,,,,,,,,,,,,,,,,,,,,,,,,,,,,,,,,,,,,,,,,,,,,,,,,,,,,,
,,,,,,,,,,,,,,,,,,,,,,,,,,,,,,,,,,,,,,,,,,,,,,,,,,,,,,,,,,,,,,,,,,,,,,,,,,,,,,,,,,,,,,,
,,,,,,,,,,,,,,,,,,,,,,,,,,,,,,,,,,,,,,,,,,,,,,,,,,,,,,,,,,,,,,,,,,,,,,,,,,,,,,,,,,,,,,,
,,,,,,,,,,,,,,,,,,,,,,,,,,,,,,,,,,,,,,,,,,,,,,,,,,,,,,,,,,,,,,,,,,,,,,,,,,,,,,,,,,,,,,,
,,,,,,,,,,,,,,,,,,,,,,,,,,,,,,,,,,,,,,,,,,,,,,,,,,,,,,,,,,,,,,,,,,,,,,,,,,,,,,,,,,,,,,,
,,,,,,,,,,,,,,,,,,,,,,,,,,,,,,,,,,,,,,,,,,,,,,,,,,,,,,,,,,,,,,,,,,,,,,,,,,,,,,,,,,,,,,,
,,,,,,,,,,,,,,,,,,,,,,,,,,,,,,,,,,,,,,,,,,,,,,,,,,,,,,,,,,,,,,,,,,,,,,,,,,,,,,,,,,,,,,,
,,,,,,,,,,,,,,,,,,,,,,,,,,,,,,,,,,,,,,,,,,,,,,,,,,,,,,,,,,,,,,,,,,,,,,,,,,,,,,,,,,,,,,,
,,,,,,,,,,,,,,,,,,,,,,,,,,,,,,,,,,,,,,,,,,,,,,,,,,,,,,,,,,,,,,,,,,,,,,,,,,,,,,,,,,,,,,,
,,,,,,,,,,,,,,,,,,,,,,,,,,,,,,,,,,,,,,,,,,,,,,,,,,,,,,,,,,,,,,,,,,,,,,,,,,,,,,,,,,,,,,,
,,,,,,,,,,,,,,,,,,,,,,,,,,,,,,,,,,,,,,,,,,,,,,,,,,,,,,,,,,,,,,,,,,,,,,,,,,,,,,,,,,,,,,,
,,,,,,,,,,,,,,,,,,,,,,,,,,,,,,,,,,,,,,,,,,,,,,,,,,,,,,,,,,,,,,,,,,,,,,,,,,,,,,,,,,,,,,,
,,,,,,,,,,,,,,,,,,,,,,,,,,,,,,,,,,,,,,,,,,,,,,,,,,,,,,,,,,,,,,,,,,,,,,,,,,,,,,,,,,,,,,,
,,,,,,,,,,,,,,,,,,,,,,,,,,,,,,,,,,,,,,,,,,,,,,,,,,,,,,,,,,,,,,,,,,,,,,,,,,,,,,,,,,,,,,,
,,,,,,,,,,,,,,,,,,,,,,,,,,,,,,,,,,,,,,,,,,,,,,,,,,,,,,,,,,,,,,,,,,,,,,,,,,,,,,,,,,,,,,,
,,,,,,,,,,,,,,,,,,,,,,,,,,,,,,,,,,,,,,,,,,,,,,,,,,,,,,,,,,,,,,,,,,,,,,,,,,,,,,,,,,,,,,,
,,,,,,,,,,,,,,,,,,,,,,,,,,,,,,,,,,,,,,,,,,,,,,,,,,,,,,,,,,,,,,,,,,,,,,,,,,,,,,,,,,,,,,,
,,,,,,,,,,,,,,,,,,,,,,,,,,,,,,,,,,,,,,,,,,,,,,,,,,,,,,,,,,,,,,,,,,,,,,,,,,,,,,,,,,,,,,,
,,,,,,,,,,,,,,,,,,,,,,,,,,,,,,,,,,,,,,,,,,,,,,,,,,,,,,,,,,,,,,,,,,,,,,,,,,,,,,,,,,,,,,,
,,,,,,,,,,,,,,,,,,,,,,,,,,,,,,,,,,,,,,,,,,,,,,,,,,,,,,,,,,,,,,,,,,,,,,,,,,,,,,,,,,,,,,,
,,,,,,,,,,,,,,,,,,,,,,,,,,,,,,,,,,,,,,,,,,,,,,,,,,,,,,,,,,,,,,,,,,,,,,,,,,,,,,,,,,,,,,,
,,,,,,,,,,,,,,,,,,,,,,,,,,,,,,,,,,,,,,,,,,,,,,,,,,,,,,,,,,,,,,,,,,,,,,,,,,,,,,,,,,,,,,,
,,,,,,,,,,,,,,,,,,,,,,,,,,,,,,,,,,,,,,,,,,,,,,,,,,,,,,,,,,,,,,,,,,,,,,,,,,,,,,,,,,,,,,,
,,,,,,,,,,,,,,,,,,,,,,,,,,,,,,,,,,,,,,,,,,,,,,,,,,,,,,,,,,,,,,,,,,,,,,,,,,,,,,,,,,,,,,,
,,,,,,,,,,,,,,,,,,,,,,,,,,,,,,,,,,,,,,,,,,,,,,,,,,,,,,,,,,,,,,,,,,,,,,,,,,,,,,,,,,,,,,,
,,,,,,,,,,,,,,,,,,,,,,,,,,,,,,,,,,,,,,,,,,,,,,,,,,,,,,,,,,,,,,,,,,,,,,,,,,,,,,,,,,,,,,,
,,,,,,,,,,,,,,,,,,,,,,,,,,,,,,,,,,,,,,,,,,,,,,,,,,,,,,,,,,,,,,,,,,,,,,,,,,,,,,,,,,,,,,,
,,,,,,,,,,,,,,,,,,,,,,,,,,,,,,,,,,,,,,,,,,,,,,,,,,,,,,,,,,,,,,,,,,,,,,,,,,,,,,,,,,,,,,,
,,,,,,,,,,,,,,,,,,,,,,,,,,,,,,,,,,,,,,,,,,,,,,,,,,,,,,,,,,,,,,,,,,,,,,,,,,,,,,,,,,,,,,,
,,,,,,,,,,,,,,,,,,,,,,,,,,,,,,,,,,,,,,,,,,,,,,,,,,,,,,,,,,,,,,,,,,,,,,,,,,,,,,,,,,,,,,,
,,,,,,,,,,,,,,,,,,,,,,,,,,,,,,,,,,,,,,,,,,,,,,,,,,,,,,,,,,,,,,,,,,,,,,,,,,,,,,,,,,,,,,,
,,,,,,,,,,,,,,,,,,,,,,,,,,,,,,,,,,,,,,,,,,,,,,,,,,,,,,,,,,,,,,,,,,,,,,,,,,,,,,,,,,,,,,,
,,,,,,,,,,,,,,,,,,,,,,,,,,,,,,,,,,,,,,,,,,,,,,,,,,,,,,,,,,,,,,,,,,,,,,,,,,,,,,,,,,,,,,,
,,,,,,,,,,,,,,,,,,,,,,,,,,,,,,,,,,,,,,,,,,,,,,,,,,,,,,,,,,,,,,,,,,,,,,,,,,,,,,,,,,,,,,,
,,,,,,,,,,,,,,,,,,,,,,,,,,,,,,,,,,,,,,,,,,,,,,,,,,,,,,,,,,,,,,,,,,,,,,,,,,,,,,,,,,,,,,,
,,,,,,,,,,,,,,,,,,,,,,,,,,,,,,,,,,,,,,,,,,,,,,,,,,,,,,,,,,,,,,,,,,,,,,,,,,,,,,,,,,,,,,,
,,,,,,,,,,,,,,,,,,,,,,,,,,,,,,,,,,,,,,,,,,,,,,,,,,,,,,,,,,,,,,,,,,,,,,,,,,,,,,,,,,,,,,,
,,,,,,,,,,,,,,,,,,,,,,,,,,,,,,,,,,,,,,,,,,,,,,,,,,,,,,,,,,,,,,,,,,,,,,,,,,,,,,,,,,,,,,,
,,,,,,,,,,,,,,,,,,,,,,,,,,,,,,,,,,,,,,,,,,,,,,,,,,,,,,,,,,,,,,,,,,,,,,,,,,,,,,,,,,,,,,,
,,,,,,,,,,,,,,,,,,,,,,,,,,,,,,,,,,,,,,,,,,,,,,,,,,,,,,,,,,,,,,,,,,,,,,,,,,,,,,,,,,,,,,,
,,,,,,,,,,,,,,,,,,,,,,,,,,,,,,,,,,,,,,,,,,,,,,,,,,,,,,,,,,,,,,,,,,,,,,,,,,,,,,,,,,,,,,,
,,,,,,,,,,,,,,,,,,,,,,,,,,,,,,,,,,,,,,,,,,,,,,,,,,,,,,,,,,,,,,,,,,,,,,,,,,,,,,,,,,,,,,,
,,,,,,,,,,,,,,,,,,,,,,,,,,,,,,,,,,,,,,,,,,,,,,,,,,,,,,,,,,,,,,,,,,,,,,,,,,,,,,,,,,,,,,,
,,,,,,,,,,,,,,,,,,,,,,,,,,,,,,,,,,,,,,,,,,,,,,,,,,,,,,,,,,,,,,,,,,,,,,,,,,,,,,,,,,,,,,,
,,,,,,,,,,,,,,,,,,,,,,,,,,,,,,,,,,,,,,,,,,,,,,,,,,,,,,,,,,,,,,,,,,,,,,,,,,,,,,,,,,,,,,,
,,,,,,,,,,,,,,,,,,,,,,,,,,,,,,,,,,,,,,,,,,,,,,,,,,,,,,,,,,,,,,,,,,,,,,,,,,,,,,,,,,,,,,,
,,,,,,,,,,,,,,,,,,,,,,,,,,,,,,,,,,,,,,,,,,,,,,,,,,,,,,,,,,,,,,,,,,,,,,,,,,,,,,,,,,,,,,,
,,,,,,,,,,,,,,,,,,,,,,,,,,,,,,,,,,,,,,,,,,,,,,,,,,,,,,,,,,,,,,,,,,,,,,,,,,,,,,,,,,,,,,,
,,,,,,,,,,,,,,,,,,,,,,,,,,,,,,,,,,,,,,,,,,,,,,,,,,,,,,,,,,,,,,,,,,,,,,,,,,,,,,,,,,,,,,,
,,,,,,,,,,,,,,,,,,,,,,,,,,,,,,,,,,,,,,,,,,,,,,,,,,,,,,,,,,,,,,,,,,,,,,,,,,,,,,,,,,,,,,,
,,,,,,,,,,,,,,,,,,,,,,,,,,,,,,,,,,,,,,,,,,,,,,,,,,,,,,,,,,,,,,,,,,,,,,,,,,,,,,,,,,,,,,,
,,,,,,,,,,,,,,,,,,,,,,,,,,,,,,,,,,,,,,,,,,,,,,,,,,,,,,,,,,,,,,,,,,,,,,,,,,,,,,,,,,,,,,,
,,,,,,,,,,,,,,,,,,,,,,,,,,,,,,,,,,,,,,,,,,,,,,,,,,,,,,,,,,,,,,,,,,,,,,,,,,,,,,,,,,,,,,,
,,,,,,,,,,,,,,,,,,,,,,,,,,,,,,,,,,,,,,,,,,,,,,,,,,,,,,,,,,,,,,,,,,,,,,,,,,,,,,,,,,,,,,,
,,,,,,,,,,,,,,,,,,,,,,,,,,,,,,,,,,,,,,,,,,,,,,,,,,,,,,,,,,,,,,,,,,,,,,,,,,,,,,,,,,,,,,,
,,,,,,,,,,,,,,,,,,,,,,,,,,,,,,,,,,,,,,,,,,,,,,,,,,,,,,,,,,,,,,,,,,,,,,,,,,,,,,,,,,,,,,,
,,,,,,,,,,,,,,,,,,,,,,,,,,,,,,,,,,,,,,,,,,,,,,,,,,,,,,,,,,,,,,,,,,,,,,,,,,,,,,,,,,,,,,,
